DRUG_NAME,accuracy,precision,recall,f1,roc_auc
UNC0638,0.7990196078431373,0.8181818181818182,0.7788461538461539,0.7980295566502463,0.8652403846153847
PBD-288,0.7961165048543689,0.8333333333333334,0.7547169811320755,0.7920792079207921,0.8649056603773585
Zoledronate,0.7676767676767676,0.7674418604651163,0.717391304347826,0.7415730337078652,0.8543888433141917
HKMTI-1-005,0.797979797979798,0.851063829787234,0.7547169811320755,0.8,0.8521328958162429
Vorinostat,0.7842465753424658,0.9130434782608695,0.6645569620253164,0.7692307692307693,0.8516909125259776
GSK2830371,0.7772277227722773,0.8315789473684211,0.7314814814814815,0.7783251231527094,0.8503250591016549
GSK626616AC,0.7878787878787878,0.8604651162790697,0.7115384615384616,0.7789473684210526,0.8463584288052373
Venetoclax,0.7568493150684932,0.7480916030534351,0.7205882352941176,0.7340823970037453,0.8447398190045249
LMB_AB1,0.7878787878787878,0.7906976744186046,0.7391304347826086,0.7640449438202247,0.8439294503691551
AZD5991,0.7623762376237624,0.7209302325581395,0.7209302325581395,0.7209302325581395,0.8429230152365678
N29087-69-1,0.8095238095238095,0.8673469387755102,0.7589285714285714,0.8095238095238095,0.8380557580174927
ICL-SIRT078,0.7424242424242424,0.7473684210526316,0.7244897959183674,0.7357512953367875,0.8377551020408164
A-366,0.7815533980582524,0.7938144329896907,0.7549019607843137,0.7738693467336684,0.8302696078431373
LMB_AB2,0.7424242424242424,0.8352941176470589,0.6574074074074074,0.7357512953367875,0.8281893004115225
Daporinad,0.765625,0.7468354430379747,0.7023809523809523,0.7239263803680982,0.824404761904762
alpha-lipoic acid,0.7696078431372549,0.7684210526315789,0.7448979591836735,0.7564766839378239,0.8243165190604544
CDK9_5038,0.7326732673267327,0.75,0.673469387755102,0.7096774193548387,0.8231946624803768
CT7033-2,0.7524271844660194,0.7938144329896907,0.7129629629629629,0.751219512195122,0.8202003023431595
Podophyllotoxin bromide,0.7424242424242424,0.7411764705882353,0.6847826086956522,0.711864406779661,0.8195242001640689
IAP_5620,0.78,0.7727272727272727,0.7391304347826086,0.7555555555555555,0.819243156199678
AZD1208,0.7524752475247525,0.7954545454545454,0.6862745098039216,0.7368421052631579,0.8159803921568627
Schweinfurthin A,0.7222222222222222,0.7529411764705882,0.6530612244897959,0.6994535519125683,0.8156122448979594
GSK2256098C,0.7676767676767676,0.8604651162790697,0.6851851851851852,0.7628865979381443,0.8153292181069958
Cisplatin,0.7666666666666667,0.8144329896907216,0.7181818181818181,0.7632850241545893,0.8146363636363637
N27922-53-1,0.780952380952381,0.8469387755102041,0.7280701754385965,0.7830188679245284,0.8123629385964911
Vinblastine,0.7,0.7575757575757576,0.6578947368421053,0.704225352112676,0.8116776315789473
N30652-18-1,0.7619047619047619,0.826530612244898,0.7105263157894737,0.7641509433962265,0.8105354532163743
Veliparib,0.7587412587412588,0.7637795275590551,0.7132352941176471,0.7376425855513308,0.8081372549019608
Lenalidomide,0.7727272727272727,0.84251968503937,0.7039473684210527,0.7670250896057348,0.8068538884524744
Sorafenib,0.7568493150684932,0.8320610687022901,0.689873417721519,0.754325259515571,0.8026402796145854
Pyridostatin,0.7269503546099291,0.7560975609756098,0.6642857142857143,0.7072243346007605,0.8018863179074447
Motesanib,0.7517482517482518,0.8294573643410853,0.6858974358974359,0.7508771929824561,0.79948224852071
Nelarabine,0.7575757575757576,0.8095238095238095,0.68,0.7391304347826086,0.7964285714285715
Elephantin,0.6919191919191919,0.7529411764705882,0.6153846153846154,0.6772486772486772,0.7954173486088381
LMP744,0.7474747474747475,0.7674418604651163,0.6875,0.7252747252747253,0.7921772875816994
CPI-637,0.7038834951456311,0.7938144329896907,0.652542372881356,0.7162790697674418,0.7912654083204932
Epirubicin,0.708904109589041,0.7637795275590551,0.6381578947368421,0.6953405017921147,0.7885338345864661
Temozolomide,0.7363013698630136,0.8110236220472441,0.6602564102564102,0.7279151943462897,0.788367269984917
THR-103,0.7079207920792079,0.7752808988764045,0.6388888888888888,0.700507614213198,0.7878250591016548
GW441756,0.7535714285714286,0.7165354330708661,0.7338709677419355,0.7250996015936255,0.7868848221670802
SN-38,0.7551724137931034,0.8110236220472441,0.6866666666666666,0.7436823104693141,0.7867619047619048
AZD5582,0.7404580152671756,0.7090909090909091,0.6842105263157895,0.6964285714285714,0.7864509246088194
N25720-51-A1,0.7142857142857143,0.8163265306122449,0.6557377049180327,0.7272727272727273,0.7850223546944857
GSK-LSD1-2HCl,0.7598039215686274,0.7473684210526316,0.7395833333333334,0.743455497382199,0.7825038580246912
GSK2801,0.7373737373737373,0.7209302325581395,0.6888888888888889,0.7045454545454546,0.7818930041152262
Teniposide,0.7575757575757576,0.8095238095238095,0.68,0.7391304347826086,0.7809183673469388
SGC-CBP30,0.7272727272727273,0.7142857142857143,0.6666666666666666,0.6896551724137931,0.7806584362139919
SGC0946,0.7359154929577465,0.728,0.6893939393939394,0.708171206225681,0.7804027113237639
THR-101,0.7178217821782178,0.797752808988764,0.6454545454545455,0.7135678391959799,0.7794466403162056
Fulvestrant,0.7363013698630136,0.7404580152671756,0.6928571428571428,0.7158671586715867,0.7768562030075188
Vinorelbine,0.7167832167832168,0.7165354330708661,0.6691176470588235,0.6920152091254753,0.7757843137254902
Cytarabine,0.719047619047619,0.7362637362637363,0.6568627450980392,0.694300518134715,0.7751452432824982
JAK1_8709,0.7029702970297029,0.7045454545454546,0.6458333333333334,0.6739130434782609,0.7735849056603774
UNC0379,0.7135922330097088,0.7938144329896907,0.6637931034482759,0.7230046948356808,0.7735632183908046
GSK2276186C,0.7070707070707071,0.7209302325581395,0.6458333333333334,0.6813186813186813,0.7725694444444444
Irinotecan,0.7363013698630136,0.7829457364341085,0.6733333333333333,0.7240143369175627,0.7723708920187793
Entinostat,0.6992481203007519,0.7962962962962963,0.5972222222222222,0.6825396825396826,0.7721425318761383
630600,0.702020202020202,0.7411764705882353,0.63,0.6810810810810811,0.7694897959183673
Mycophenolic acid,0.7029702970297029,0.7659574468085106,0.6545454545454545,0.7058823529411765,0.7673913043478261
PFI3,0.7404580152671756,0.8035714285714286,0.6617647058823529,0.7258064516129032,0.7664565826330532
CDK9_5576,0.693069306930693,0.6363636363636364,0.6511627906976745,0.6436781609195402,0.7650360866078588
776928,0.6818181818181818,0.6823529411764706,0.6170212765957447,0.6480446927374302,0.764423076923077
GSK2830371A,0.7070707070707071,0.7857142857142857,0.6226415094339622,0.6947368421052632,0.764253486464315
BEN,0.7222222222222222,0.7058823529411765,0.6666666666666666,0.6857142857142857,0.7632716049382716
LMB_AB3,0.7070707070707071,0.7209302325581395,0.6458333333333334,0.6813186813186813,0.763174019607843
Topotecan,0.7171717171717171,0.7209302325581395,0.6595744680851063,0.6888888888888889,0.7601268412438625
Docetaxel,0.7157534246575342,0.7099236641221374,0.6739130434782609,0.6914498141263941,0.7585168454733673
Rucaparib,0.7447552447552448,0.7795275590551181,0.6875,0.7306273062730627,0.7575312989045383
THR-102,0.6881188118811881,0.7415730337078652,0.6226415094339622,0.676923076923077,0.7566332547169812
Mitoxantrone,0.7171717171717171,0.7142857142857143,0.6521739130434783,0.6818181818181818,0.7560500410172273
Axitinib,0.7482758620689656,0.7786259541984732,0.6986301369863014,0.7364620938628159,0.7554461567732116
Cediranib,0.6883561643835616,0.7593984962406015,0.63125,0.689419795221843,0.7536931818181817
BDP-00009066,0.7,0.7171717171717171,0.6698113207547169,0.6926829268292682,0.7529481132075473
Buparlisib,0.6952054794520548,0.7054263565891473,0.6408450704225352,0.6715867158671587,0.751830985915493
AZD4547,0.7,0.6641221374045801,0.6692307692307692,0.6666666666666666,0.7507451923076922
Crizotinib,0.7226027397260274,0.7593984962406015,0.6733333333333333,0.7137809187279152,0.750586854460094
Niraparib,0.7045454545454546,0.75,0.6268656716417911,0.6829268292682927,0.750459242250287
Trametinib,0.6541095890410958,0.7054263565891473,0.5909090909090909,0.6431095406360424,0.7492000752870319
MIM1,0.6714285714285714,0.6494845360824743,0.6428571428571429,0.6461538461538462,0.7487700437317785
UMI-77,0.680952380952381,0.7525773195876289,0.6293103448275862,0.6854460093896714,0.7487619222303742
Olaparib,0.7226027397260274,0.7709923664122137,0.6644736842105263,0.7137809187279152,0.7482847744360901
BI-2536,0.6914893617021277,0.728,0.6319444444444444,0.6765799256505576,0.7470561594202898
Vismodegib,0.7447552447552448,0.8110236220472441,0.6776315789473685,0.7383512544802867,0.7468578161822468
SB590885,0.7359154929577465,0.7441860465116279,0.6956521739130435,0.7191011235955056,0.7468483224141353
Savolitinib,0.6931034482758621,0.7175572519083969,0.6438356164383562,0.6787003610108303,0.74650399543379
PAK_5339,0.6732673267326733,0.6818181818181818,0.6122448979591837,0.6451612903225806,0.7463697017268446
EPZ004777,0.7157534246575342,0.751937984496124,0.6554054054054054,0.7003610108303249,0.7462227852852853
Palbociclib,0.6472602739726028,0.7251908396946565,0.5864197530864198,0.6484641638225256,0.7461538461538462
LJI308,0.7097902097902098,0.792,0.6346153846153846,0.7046263345195729,0.7447978303747536
VTP-B,0.693069306930693,0.7340425531914894,0.6509433962264151,0.69,0.7439563679245284
IRAK4_4710,0.693069306930693,0.7045454545454546,0.6326530612244898,0.6666666666666666,0.7437205651491364
NVP-ADW742,0.6952054794520548,0.7099236641221374,0.6458333333333334,0.6763636363636364,0.7430555555555557
ULK1_4989,0.693069306930693,0.6590909090909091,0.6444444444444445,0.651685393258427,0.7424603174603175
Pevonedistat,0.702054794520548,0.7480916030534351,0.6447368421052632,0.6925795053003534,0.7422227443609022
CZC24832,0.7022900763358778,0.7321428571428571,0.6307692307692307,0.6776859504132231,0.741958041958042
YK-4-279,0.6815068493150684,0.7099236641221374,0.6283783783783784,0.6666666666666666,0.7419294294294294
Leflunomide,0.7121212121212122,0.7407407407407407,0.625,0.6779661016949152,0.7405215992647058
I-BRD9,0.6952054794520548,0.7709923664122137,0.63125,0.6941580756013745,0.7401278409090909
Sinularin,0.6313131313131313,0.6470588235294118,0.5612244897959183,0.6010928961748634,0.7401020408163266
MK-8776,0.6821428571428572,0.776,0.6139240506329114,0.6855123674911661,0.7394428304627516
JQ1,0.6888111888111889,0.6771653543307087,0.6417910447761194,0.6590038314176245,0.7392969363707778
VTP-A,0.6732673267326733,0.6595744680851063,0.6458333333333334,0.6526315789473685,0.7386988993710693
IWP-2,0.6870229007633588,0.7272727272727273,0.6060606060606061,0.6611570247933884,0.7386363636363635
GDC0810,0.702054794520548,0.7251908396946565,0.6506849315068494,0.6859205776173285,0.7385766560330269
Nilotinib,0.6931034482758621,0.6976744186046512,0.6428571428571429,0.6691449814126395,0.7381904761904762
Afatinib,0.6931034482758621,0.7480314960629921,0.625,0.6810035842293907,0.7369374523264685
PRIMA-1MET,0.6856060606060606,0.6666666666666666,0.5689655172413793,0.6139534883720931,0.7368942218080149
POMHEX,0.6699029126213593,0.7083333333333334,0.6296296296296297,0.6666666666666666,0.7348828420256992
Luminespib,0.6883561643835616,0.6793893129770993,0.644927536231884,0.6617100371747212,0.733107472237907
Eg5_9814,0.66,0.6363636363636364,0.6086956521739131,0.6222222222222222,0.732487922705314
Picolinici-acid,0.7099236641221374,0.7321428571428571,0.640625,0.6833333333333333,0.7322761194029851
AGI-6780,0.7099236641221374,0.6964285714285714,0.65,0.6724137931034483,0.7321596244131455
EPZ5676,0.6952054794520548,0.7674418604651163,0.6265822784810127,0.6898954703832753,0.730658416776875
RVX-208,0.7022900763358778,0.6491228070175439,0.6607142857142857,0.6548672566371682,0.7305952380952381
Paclitaxel,0.6952054794520548,0.6946564885496184,0.65,0.6715867158671587,0.7296992481203007
GSK2606414,0.6793893129770993,0.6964285714285714,0.609375,0.65,0.7291277985074627
AMG-319,0.7127659574468085,0.7723577235772358,0.6418918918918919,0.7011070110701108,0.7288473174667205
Camptothecin,0.7157534246575342,0.7364341085271318,0.6597222222222222,0.6959706959706959,0.727735548048048
Bromosporine,0.6666666666666666,0.6046511627906976,0.6190476190476191,0.611764705882353,0.7270258980785296
PD0325901,0.6678082191780822,0.689922480620155,0.6095890410958904,0.6472727272727272,0.726027397260274
PD173074,0.6746575342465754,0.6842105263157895,0.6319444444444444,0.6570397111913358,0.725975975975976
Serdemetan,0.6678321678321678,0.76,0.59375,0.6666666666666666,0.7258680555555557
MIRA-1,0.702054794520548,0.751937984496124,0.6381578947368421,0.6903914590747331,0.7231907894736842
GSK3337463A,0.6767676767676768,0.6976744186046512,0.6122448979591837,0.6521739130434783,0.7223469387755102
Oxaliplatin,0.6746575342465754,0.7952755905511811,0.5941176470588235,0.6801346801346801,0.7215766634522661
MK-1775,0.6952054794520548,0.7251908396946565,0.6418918918918919,0.6810035842293907,0.7195007507507507
Wee1 Inhibitor,0.6815068493150684,0.7557251908396947,0.61875,0.6804123711340206,0.7194128787878787
AZD7762,0.6746575342465754,0.7099236641221374,0.62,0.6619217081850534,0.7191549295774647
765771,0.6616161616161617,0.6823529411764706,0.5918367346938775,0.6338797814207651,0.7187755102040816
Lestaurtinib,0.6888111888111889,0.7480314960629921,0.625,0.6810035842293907,0.7185536135113906
ZM447439,0.7077464788732394,0.7322834645669292,0.6549295774647887,0.6914498141263941,0.7185082324935529
AGI-5198,0.6472602739726028,0.6412213740458015,0.6,0.6199261992619927,0.717857142857143
GSK-LSD1,0.6767676767676768,0.5813953488372093,0.6410256410256411,0.6097560975609756,0.7178418803418803
BPD-00008900,0.6619047619047619,0.6565656565656566,0.6372549019607843,0.6467661691542289,0.7166394335511983
PCI-34051,0.6870229007633588,0.7090909090909091,0.609375,0.6554621848739496,0.7163013059701493
Avagacestat,0.6538461538461539,0.8110236220472441,0.5786516853932584,0.6754098360655738,0.7147315855181025
AZD6738,0.6815068493150684,0.6641221374045801,0.6397058823529411,0.651685393258427,0.7143429487179487
Gemcitabine,0.6931034482758621,0.696,0.6304347826086957,0.6615969581749049,0.710693173150267
PRT062607,0.6641221374045801,0.6964285714285714,0.5909090909090909,0.639344262295082,0.71002331002331
CCT007093,0.721830985915493,0.76,0.6597222222222222,0.7063197026022305,0.7085317460317461
5-Fluorouracil,0.6678082191780822,0.7557251908396947,0.6036585365853658,0.6711864406779661,0.7083650914634145
Gallibiscoquinazole,0.6616161616161617,0.6823529411764706,0.5918367346938775,0.6338797814207651,0.7075510204081632
Nutlin-3a (-),0.660958904109589,0.7054263565891473,0.5986842105263158,0.6476868327402135,0.7070253759398497
5-azacytidine,0.6553398058252428,0.6494845360824743,0.63,0.6395939086294417,0.7063679245283019
Ribociclib,0.6793103448275862,0.7606837606837606,0.577922077922078,0.6568265682656826,0.7050945378151261
BMS-345541,0.6590909090909091,0.7142857142857143,0.5797101449275363,0.64,0.7043363239015413
VE821,0.6958041958041958,0.7007874015748031,0.644927536231884,0.6716981132075471,0.7037553858206032
Refametinib,0.6328671328671329,0.664,0.5684931506849316,0.6125461254612546,0.7033268101761253
P22077,0.6952054794520548,0.7557251908396947,0.6346153846153846,0.6898954703832753,0.7030307315233786
Selumetinib,0.613013698630137,0.6511627906976745,0.5526315789473685,0.597864768683274,0.7025140977443609
Rapamycin,0.6328671328671329,0.6260162601626016,0.5661764705882353,0.5945945945945946,0.7024754901960784
667880,0.6818181818181818,0.7294117647058823,0.6078431372549019,0.6631016042780749,0.7021037581699346
KRAS (G12C) Inhibitor-12,0.6374045801526718,0.6370370370370371,0.6515151515151515,0.6441947565543071,0.7015734265734266
OTX015,0.6717557251908397,0.625,0.6140350877192983,0.6194690265486725,0.7008653390232337
ML323,0.7022900763358778,0.7142857142857143,0.6349206349206349,0.6722689075630253,0.7005718954248366
BDILV000379a,0.6565656565656566,0.6666666666666666,0.5833333333333334,0.6222222222222222,0.7002655228758169
Ruxolitinib,0.6590909090909091,0.6785714285714286,0.5846153846153846,0.628099173553719,0.6997129735935705
50869,0.6616161616161617,0.6235294117647059,0.6022727272727273,0.6127167630057804,0.6990702479338843
Fludarabine,0.6464646464646465,0.6923076923076923,0.54,0.6067415730337079,0.698469387755102
Erlotinib,0.6472602739726028,0.7235772357723578,0.5632911392405063,0.6334519572953736,0.6981154354808238
Obatoclax Mesylate,0.618421052631579,0.6,0.5833333333333334,0.5915492957746479,0.6977237654320987
AZD5153,0.6237623762376238,0.6,0.574468085106383,0.5869565217391305,0.6975965327029157
Dabrafenib,0.6678321678321678,0.7244094488188977,0.6052631578947368,0.6594982078853047,0.6974420659858602
Tamoxifen,0.6472602739726028,0.6793893129770993,0.5933333333333334,0.6334519572953736,0.6967840375586855
VE-822,0.6564885496183206,0.625,0.5932203389830508,0.6086956521739131,0.6962688323917138
RO-3306,0.6584507042253521,0.712,0.5933333333333334,0.6472727272727272,0.6962189054726369
PFI-1,0.6654929577464789,0.7209302325581395,0.6118421052631579,0.6619217081850534,0.6957735247208932
615590,0.6212121212121212,0.6235294117647059,0.5520833333333334,0.585635359116022,0.6955678104575164
Wnt-C59,0.6870229007633588,0.6964285714285714,0.6190476190476191,0.6554621848739496,0.6955532212885154
Doramapimod,0.6373239436619719,0.6859504132231405,0.5608108108108109,0.6171003717472119,0.6954242845786964
Mirin,0.6818181818181818,0.6785714285714286,0.6129032258064516,0.6440677966101694,0.6930875576036867
ascorbate (vitamin C),0.6715686274509803,0.7263157894736842,0.6272727272727273,0.6731707317073171,0.69284332688588
WZ4003,0.6335877862595419,0.5714285714285714,0.5714285714285714,0.5714285714285714,0.6916071428571429
123138,0.6515151515151515,0.7294117647058823,0.5740740740740741,0.6424870466321243,0.6910493827160493
JNK Inhibitor VIII,0.6464285714285715,0.6528925619834711,0.5808823529411765,0.6147859922178989,0.6895169526143792
Bortezomib,0.6448275862068965,0.6124031007751938,0.5984848484848485,0.6053639846743295,0.6891781741465286
L-Oxonoreleagnine,0.6313131313131313,0.6235294117647059,0.5638297872340425,0.5921787709497207,0.6883183306055647
AZD5363,0.613013698630137,0.6335877862595419,0.5608108108108109,0.5949820788530465,0.6876642267267267
GSK2110183B,0.6161616161616161,0.6341463414634146,0.5306122448979592,0.5777777777777777,0.6874489795918368
Dinaciclib,0.6615384615384615,0.6545454545454545,0.5901639344262295,0.6206896551724138,0.686505108101687
Bleomycin,0.6666666666666666,0.7142857142857143,0.5882352941176471,0.6451612903225806,0.6849468954248366
Talazoparib,0.660958904109589,0.6946564885496184,0.6066666666666667,0.6476868327402135,0.6842957746478873
Ulixertinib,0.6678082191780822,0.7046979865771812,0.6645569620253164,0.6840390879478827,0.6835443037974683
Cyclophosphamide,0.6472602739726028,0.7322834645669292,0.5740740740740741,0.643598615916955,0.6833570750237417
Telomerase Inhibitor IX,0.660958904109589,0.7099236641221374,0.6038961038961039,0.6526315789473685,0.6829474872953134
GSK343,0.6678082191780822,0.6946564885496184,0.6148648648648649,0.6523297491039427,0.6827139639639639
BDF00022089a,0.6161616161616161,0.5952380952380952,0.5434782608695652,0.5681818181818182,0.682526661197703
AZ6102,0.6328671328671329,0.632,0.572463768115942,0.6007604562737643,0.6820407363885624
EHT-1864,0.6654929577464789,0.6771653543307087,0.6142857142857143,0.6441947565543071,0.6816468253968253
AZD5438,0.6336633663366337,0.6136363636363636,0.574468085106383,0.5934065934065934,0.6799645390070922
VX-11e,0.6584507042253521,0.6888888888888889,0.6283783783783784,0.657243816254417,0.6799483306836249
Alpelisib,0.6472602739726028,0.6511627906976745,0.5915492957746479,0.6199261992619927,0.6798826291079813
Tretinoin,0.7619047619047619,0.6875,0.6875,0.6875,0.6778846153846154
Linsitinib,0.6404109589041096,0.6793893129770993,0.5855263157894737,0.6289752650176679,0.6773261278195489
Dactinomycin,0.6310344827586207,0.7209302325581395,0.5670731707317073,0.6348122866894198,0.6771922183507549
Osimertinib,0.6335616438356164,0.7560975609756098,0.5470588235294118,0.6348122866894198,0.6764946962391516
GSK2578215A,0.6678082191780822,0.7404580152671756,0.60625,0.6666666666666666,0.6763020833333333
Bleomycin (50 uM),0.6485148514851485,0.7204301075268817,0.5982142857142857,0.6536585365853659,0.6762896825396825
KU-55933,0.6725352112676056,0.744,0.6038961038961039,0.6666666666666666,0.6748001998001998
LGK974,0.6793103448275862,0.7286821705426356,0.618421052631579,0.6690391459074733,0.6723159801678108
SB216763,0.6654929577464789,0.728,0.5986842105263158,0.6570397111913358,0.6719497607655502
Elesclomol,0.6428571428571429,0.5714285714285714,0.47058823529411764,0.5161290322580645,0.6705882352941176
Bosutinib,0.6048951048951049,0.728,0.5352941176470588,0.6169491525423729,0.6704614604462473
Bicalutamide,0.6666666666666666,0.8125,0.5416666666666666,0.65,0.6701388888888888
LCL161,0.6515151515151515,0.6181818181818182,0.576271186440678,0.5964912280701754,0.6693754353378221
glutathione,0.6225490196078431,0.6210526315789474,0.59,0.6051282051282051,0.6685576923076924
Dacarbazine,0.6666666666666666,0.6511627906976745,0.6086956521739131,0.6292134831460674,0.6661197703035274
BMS-536924,0.6267123287671232,0.6335877862595419,0.5763888888888888,0.6036363636363636,0.6656343843843843
MK-2206,0.5993150684931506,0.6614173228346457,0.5316455696202531,0.5894736842105263,0.6655960702815039
Romidepsin,0.6060606060606061,0.6511627906976745,0.5384615384615384,0.5894736842105263,0.6647913256955811
Temsirolimus,0.605072463768116,0.5304347826086957,0.5258620689655172,0.5281385281385281,0.6639278017241379
TW 37,0.6203703703703703,0.673469387755102,0.5689655172413793,0.616822429906542,0.662241379310345
I-BET-762,0.6564885496183206,0.625,0.5932203389830508,0.6086956521739131,0.6618997175141244
Afuresertib,0.571917808219178,0.6299212598425197,0.5063291139240507,0.5614035087719298,0.660589457774419
Methotrexate,0.6127819548872181,0.6237623762376238,0.4921875,0.5502183406113537,0.6585711050724639
Sabutoclax,0.6335877862595419,0.6545454545454545,0.5538461538461539,0.6,0.6582167832167832
GSK1904529A,0.6335616438356164,0.6390977443609023,0.5902777777777778,0.6137184115523465,0.6548188813813812
IOX2,0.6904761904761905,0.8125,0.5652173913043478,0.6666666666666666,0.6544622425629291
JAK_8517,0.6336633663366337,0.6363636363636364,0.5714285714285714,0.6021505376344086,0.6543367346938775
Gefitinib,0.6061643835616438,0.7073170731707317,0.5240963855421686,0.6020761245674741,0.6516542359915855
Dasatinib,0.6448275862068965,0.6756756756756757,0.528169014084507,0.5928853754940712,0.650456794822992
LY2109761,0.6412213740458015,0.6964285714285714,0.5652173913043478,0.624,0.6498948106591865
Foretinib,0.648936170212766,0.6434108527131783,0.6102941176470589,0.6264150943396226,0.6481668009669621
ABT737,0.660958904109589,0.6870229007633588,0.6081081081081081,0.6451612903225806,0.6475225225225225
729189,0.6414141414141414,0.6470588235294118,0.5729166666666666,0.6077348066298343,0.6464460784313726
Navitoclax,0.6746575342465754,0.7022900763358778,0.6216216216216216,0.6594982078853047,0.6448010510510511
GSK591,0.6048951048951049,0.6692913385826772,0.5448717948717948,0.6007067137809188,0.6428994082840236
BDOCA000347a,0.6464646464646465,0.6428571428571429,0.574468085106383,0.6067415730337079,0.6402414075286414
Lapatinib,0.571917808219178,0.6390977443609023,0.5246913580246914,0.576271186440678,0.639031339031339
BIBR-1532,0.6063829787234043,0.6377952755905512,0.5547945205479452,0.5934065934065934,0.6366589443996777
Tozasertib,0.6808510638297872,0.8125,0.52,0.6341463414634146,0.6345454545454546
720427,0.6616161616161617,0.6823529411764706,0.5918367346938775,0.6338797814207651,0.6326530612244898
Piperlongumine,0.6904761904761905,0.8125,0.5652173913043478,0.6666666666666666,0.6304347826086957
Pictilisib,0.6061643835616438,0.5590551181102362,0.5461538461538461,0.5525291828793775,0.6302943969610636
SL0101,0.6904761904761905,0.625,0.5882352941176471,0.6060606060606061,0.6294117647058822
AZD3759,0.5924657534246576,0.71900826446281,0.5058139534883721,0.5938566552901023,0.6289970930232559
TAF1_5496,0.6336633663366337,0.6363636363636364,0.5714285714285714,0.6021505376344086,0.6285321821036106
743380,0.5606060606060606,0.5764705882352941,0.49,0.5297297297297298,0.6255102040816326
ERK_2440,0.6287128712871287,0.6310679611650486,0.6372549019607843,0.6341463414634146,0.625392156862745
Taselisib,0.5993150684931506,0.6141732283464567,0.5342465753424658,0.5714285714285714,0.6249530868830925
WEHI-539,0.6267123287671232,0.6589147286821705,0.5666666666666667,0.6093189964157706,0.6240140845070422
Alisertib,0.6302816901408451,0.6341463414634146,0.5652173913043478,0.5977011494252874,0.6218979551320231
IGF1R_3801,0.6237623762376238,0.5909090909090909,0.5652173913043478,0.5777777777777777,0.6208498023715414
NU7441,0.6048951048951049,0.6220472440944882,0.5486111111111112,0.5830258302583026,0.6197916666666666
Sepantronium bromide,0.5787671232876712,0.6198347107438017,0.4934210526315789,0.5494505494505495,0.6186795112781954
VSP34_8731,0.594059405940594,0.5454545454545454,0.5333333333333333,0.5393258426966292,0.6169642857142857
Ipatasertib,0.565068493150685,0.5984251968503937,0.5,0.5448028673835126,0.6139097744360902
150412,0.6111111111111112,0.6352941176470588,0.54,0.5837837837837838,0.6138775510204082
BMS-754807,0.6048951048951049,0.6589147286821705,0.551948051948052,0.6007067137809188,0.6126279024006297
Staurosporine,0.5993150684931506,0.5939849624060151,0.5563380281690141,0.5745454545454546,0.6092018779342723
AZ960,0.6335877862595419,0.6363636363636364,0.5555555555555556,0.5932203389830508,0.6076680672268907
XAV939,0.5606060606060606,0.5272727272727272,0.47540983606557374,0.5,0.6067305472177327
GNE-317,0.5689655172413793,0.5433070866141733,0.5073529411764706,0.5247148288973384,0.5992408326967151
AGK2,0.573943661971831,0.648,0.5126582278481012,0.5724381625441696,0.5991310026120154
Uprosertib,0.5445205479452054,0.49606299212598426,0.4772727272727273,0.4864864864864865,0.5932054924242425
WIKI4,0.5376712328767124,0.5968992248062015,0.48125,0.532871972318339,0.5925899621212121
CCT-018159,0.5952380952380952,0.625,0.47619047619047616,0.5405405405405406,0.5918367346938775
Remodelin,0.5531914893617021,0.5,0.5714285714285714,0.5333333333333333,0.5915750915750916
SCH772984,0.6267123287671232,0.6241610738255033,0.636986301369863,0.6305084745762712,0.5910114468005255
MG-132,0.5445205479452054,0.5267175572519084,0.4928571428571429,0.5092250922509225,0.5906015037593985
Dactolisib,0.565068493150685,0.5826086956521739,0.4589041095890411,0.5134099616858238,0.5896275098517545
AZD8186,0.5376712328767124,0.6141732283464567,0.47560975609756095,0.5360824742268041,0.5890577362804879
N-acetyl cysteine,0.5637254901960784,0.6,0.5277777777777778,0.5615763546798029,0.5886863425925927
MN-64,0.5725190839694656,0.5818181818181818,0.49230769230769234,0.5333333333333333,0.5885780885780887
AT13148,0.5769230769230769,0.7073170731707317,0.5058139534883721,0.5898305084745763,0.5881527947776417
AZD8055,0.529126213592233,0.6129032258064516,0.4830508474576271,0.5402843601895735,0.5876829738058551
Tanespimycin,0.583916083916084,0.5504587155963303,0.46153846153846156,0.502092050209205,0.5872781065088757
Entospletinib,0.5648854961832062,0.5178571428571429,0.4915254237288136,0.5043478260869565,0.5861581920903955
PF-4708671,0.6170212765957447,0.6875,0.4583333333333333,0.55,0.5733695652173914
AZD2014,0.5247524752475248,0.5111111111111111,0.46938775510204084,0.48936170212765956,0.573096546310832
OF-1,0.549618320610687,0.5740740740740741,0.4626865671641791,0.512396694214876,0.5671058768656716
Ibrutinib,0.5230769230769231,0.5892857142857143,0.4583333333333333,0.515625,0.5611829501915708
AZD1332,0.5742574257425742,0.5,0.5116279069767442,0.5057471264367817,0.5503207698476343
ERK_6604,0.5495049504950495,0.5339805825242718,0.5612244897959183,0.5472636815920398,0.5499411302982733
Sapitinib,0.5171232876712328,0.5748031496062992,0.45625,0.5087108013937283,0.5474668560606061
OSI-027,0.5758620689655173,0.488,0.5083333333333333,0.49795918367346936,0.5459803921568628
PLX-4720,0.5620689655172414,0.6016260162601627,0.4868421052631579,0.5381818181818182,0.528484935163997
Dihydrorotenone,0.51010101010101,0.4470588235294118,0.4318181818181818,0.4393063583815029,0.5266528925619834
CHIR-99021,0.5714285714285714,0.5625,0.45,0.5,0.5113636363636364
SB505124,0.5192307692307693,0.6111111111111112,0.3793103448275862,0.46808510638297873,0.5089955022488755
BX795,0.6666666666666666,0.6875,0.55,0.6111111111111112,0.5
741909,0.4898989898989899,0.49411764705882355,0.42,0.4540540540540541,0.4935714285714286
GSK269962A,0.574468085106383,0.8125,0.43333333333333335,0.5652173913043478,0.48823529411764705
AZD6482,0.574468085106383,0.5,0.4,0.4444444444444444,0.47777777777777786
123829,0.45454545454545453,0.4090909090909091,0.391304347826087,0.4,0.4719031993437244
Acetalax,0.41919191919191917,0.41975308641975306,0.3333333333333333,0.37158469945355194,0.3933823529411765
